Acc,Prec,Rec,F1S
0.7435897435897436,0.7382441996254082,0.7435897435897436,0.7378302640109601
