Acc,Prec,Rec,F1S
0.7450980392156863,0.7409994960507108,0.7450980392156863,0.7410080331862302
