Acc,Prec,Rec,F1S
0.7375565610859729,0.7331437194598872,0.7375565610859729,0.733491498035911
