Acc,Prec,Rec,F1S
0.7375565610859729,0.7327063317108565,0.7375565610859729,0.7327406250628127
