Acc,Prec,Rec,F1S
0.7315233785822021,0.7254074215309664,0.7315233785822021,0.7255874917224757
