Acc,Prec,Rec,F1S
0.7345399698340875,0.7309103903997958,0.7345399698340875,0.7298941465504203
