Acc,Prec,Rec,F1S
0.7330316742081447,0.7279370898279051,0.7330316742081447,0.7272235657961981
