Acc,Prec,Rec,F1S
0.7330316742081447,0.7286240939122791,0.7330316742081447,0.7275619957325806
