Acc,Prec,Rec,F1S
0.7360482654600302,0.7312987603878635,0.7360482654600302,0.7317189047561364
