Acc,Prec,Rec,F1S
0.7345399698340875,0.7291936944640999,0.7345399698340875,0.7282325314398357
