Acc,Prec,Rec,F1S
0.7345399698340875,0.7298264050295294,0.7345399698340875,0.7294241146032865
