Acc,Prec,Rec,F1S
0.7315233785822021,0.7267681018943143,0.7315233785822021,0.7258973898595996
