Acc,Prec,Rec,F1S
0.7375565610859729,0.7315401299190476,0.7375565610859729,0.7310429020612936
