Acc,Prec,Rec,F1S
0.7420814479638009,0.7359913727875007,0.7420814479638009,0.7352872234772438
