Acc,Prec,Rec,F1S
0.7390648567119156,0.7335524178076409,0.7390648567119156,0.7335842202276344
