Acc,Prec,Rec,F1S
0.7330316742081447,0.7272691264513911,0.7330316742081447,0.7272205731754875
