Acc,Prec,Rec,F1S
0.7330316742081447,0.7278931383136463,0.7330316742081447,0.7280888475607108
