Acc,Prec,Rec,F1S
0.7435897435897436,0.7389097879235511,0.7435897435897436,0.7386687212212188
