Acc,Prec,Rec,F1S
0.7345399698340875,0.7294628837090855,0.7345399698340875,0.729579128090018
