Acc,Prec,Rec,F1S
0.7360482654600302,0.7316087684977545,0.7360482654600302,0.7322617541678013
