Acc,Prec,Rec,F1S
0.8895027624309392,0.8916075239146467,0.8895027624309392,0.889270237636999
