Acc,Prec,Rec,F1S
0.8858195211786372,0.8878849183659563,0.8858195211786372,0.8856920902159581
