Acc,Prec,Rec,F1S
0.8931860036832413,0.8951093401641343,0.8931860036832413,0.8932205773830079
