Acc,Prec,Rec,F1S
0.8802946593001841,0.8827273035698907,0.8802946593001841,0.8800274080343733