Acc,Prec,Rec,F1S
0.8876611418047882,0.890344521088426,0.8876611418047882,0.8876495318814627
