Acc,Prec,Rec,F1S
0.8895027624309392,0.8932032005336569,0.8895027624309392,0.8897502898183702
