Acc,Prec,Rec,F1S
0.8895027624309392,0.8929189307416316,0.8895027624309392,0.8897548538113349
