Acc,Prec,Rec,F1S
0.8913443830570903,0.8930450984766194,0.8913443830570903,0.891306950231476
