Acc,Prec,Rec,F1S
0.8968692449355433,0.8996528994659089,0.8968692449355433,0.8968906592480502
