Acc,Prec,Rec,F1S
0.8858195211786372,0.8893767701205036,0.8858195211786372,0.8859199668050913