Acc,Prec,Rec,F1S
0.8895027624309392,0.8933222097411004,0.8895027624309392,0.8896874214952588
