Acc,Prec,Rec,F1S
0.8931860036832413,0.8965111228757372,0.8931860036832413,0.893289213030541
