Acc,Prec,Rec,F1S
0.8895027624309392,0.8924375730709333,0.8895027624309392,0.8895098861466931
