Acc,Prec,Rec,F1S
0.8987108655616943,0.9018250014372163,0.8987108655616943,0.8984293882115061
