Acc,Prec,Rec,F1S
0.8895027624309392,0.8918456127416315,0.8895027624309392,0.889252286923078
