Acc,Prec,Rec,F1S
0.8876611418047882,0.8907609230473087,0.8876611418047882,0.8877556499564297
