Acc,Prec,Rec,F1S
0.8839779005524862,0.8867564621052931,0.8839779005524862,0.8839435510264039
