Acc,Prec,Rec,F1S
0.8895027624309392,0.8923591389874755,0.8895027624309392,0.8894374333350707
