Acc,Prec,Rec,F1S
0.8839779005524862,0.8880455526527004,0.8839779005524862,0.8840585186865272
