Acc,Prec,Rec,F1S
0.8968692449355433,0.8992385838206353,0.8968692449355433,0.8969493015289877
